{"cameraMode":{"drawMode":0,"name":"Shaded","section":"Shading Mode"},"sceneLighting":false,"audioPlay":false,"sceneViewState":{"showFog":false,"showMaterialUpdate":false,"showSkybox":false,"showFlares":false,"showImageEffects":false,"showParticleSystems":false},"in2DMode":false,"pivot":{"x":10.178560256958008,"y":1.7915942668914796,"z":-1.2421936988830567},"rotation":{"x":0.08586432039737702,"y":-0.617640495300293,"z":0.0680963397026062,"w":0.7787902355194092},"size":7.2546868324279789,"orthographic":false}